[
 {
        "name": "Unique"
        "cost": 1,
        "hurryCostModifier": 6,
        "maintenance": 1,
        "requiredTech": "null"
 },
 {
        "name": "pistezt",
        "uniques":["Free [Great Merchant] appears"],
        "hurryCostModifier": 0,
        "cost":1,
        "maintenance": 1,
        "requiredTech": "null"
 },
 {
        "name": "productionfortest"
        "cost": 1,
        "production": 300,
        "hurryCostModifier": 6,
        "maintenance": 1,
        "requiredTech": "null"
 },
 {
        "name": "sciencefortest"
        "cost": 1,
        "science": 500,
        "hurryCostModifier": 6,
        "maintenance": 1,
        "requiredTech": "null"
 },
  {
        "name": "Slavic Brotherhood",
        "production": 5,
        "science": 6,
        "culture": 4,
        "happiness": 2,
        "replaces": "Unique", 
        "uniqueTo": "Yugoslavia",
        "hurryCostModifier": 0,
        "cost":1,
        "maintenance": 0,
        "requiredTech": "Civil Service"
 },
 {
        "name": "Pearl Of The Orient",
        "culture": 5,
        "gold": 4,
        "happiness": 2,
        "isNationalWonder": true,
        "uniqueTo": "Phillipines",
        "uniques":["Free [Cargo Ship] appears","Can only be built in coastal cities","Science gained from research agreements +50%"],
        "hurryCostModifier": 0,
        "cost":1,
        "maintenance": 1,
        "requiredTech": "Writing"
 },
 {
        "name": "North German Confederation",
        "happiness": 3,
        "science": 5,
        "requiredBuilding": "Palace",
        "uniqueTo": "Prussia",
        "uniques": ["Gold cost of upgrading military units reduced by 33%","+15% Combat Strength for all units when attacking Cities"],
        "hurryCostModifier": 0,
        "cost":1,
        "maintenance": 1,
        "requiredTech": "Rifling"
 },
 {
        "name": "Swiss Neutrality",
        "culture": 10,
        "science": 15,
        "requiredBuilding": "Palace",
        "uniqueTo": "Switzerland",
        "uniques":["+33% Great person generation in all cities"],
        "hurryCostModifier": 0,
        "cost":1,
        "maintenance": 1,
        "requiredTech": "Chivalry"
 },
 {
        "name": "The Commonwealth",
        "science": 10,
        "culture": 10,
        "happiness": 2,
        "requiredBuilding": "Palace",
        "isNationalWonder": true, 
        "uniques":["Cost of acquiring new tiles reduced by 25%","Free Technology"],
        "uniqueTo": "Canada",
        "hurryCostModifier": 0,
        "cost":1,
        "maintenance": 6,
        "requiredTech": "Industrialization"
 },
 {
        "name": "Heritage Of The Ancient Greeks",
        "culture": 3,
        "gold": 5,
        "requiredBuilding": "Museum",
        "uniqueTo": "Hellenic Republic",
        "uniques":["+1 Science Per 2 Population"],
        "hurryCostModifier": 0,
        "cost":1,
        "maintenance": 0,
        "requiredTech": "Rifling"
 },
 {
        "name": "Mandate Of Heaven",
        "culture": 10,
        "requiredBuilding": "Castle",
        "uniqueTo": "Qing Dynasty",
        "specialistSlots": {"culture": 2}, 
        "hurryCostModifier": 0,
        "uniques":["Remove extra unhappiness from annexed cities"]
        "cost":1,
        "maintenance": 1,
        "requiredTech": "Chivalry"
 },
 {
        "name": "Western Science, Eastern Culture",
        "science": 15,
        "culture": 4,
        "providesFreeBuilding": "Public School",
        "uniqueTo": "Empire Of Japan",
        "hurryCostModifier": 0,
        "cost":1,
        "maintenance": 0,
        "requiredTech": "Scientific Theory"
 },
 {
        "name": "Papalcy",
        "science": 10,
        "food": 5,
        "culture": 6,
        "providesFreeBuilding": "Temple", 
        "requiredBuilding": "Monument",
        "uniqueTo": "Papal State",
        "hurryCostModifier": 0,
        "cost":1,
        "maintenance": 0,
        "requiredTech": "Writing"
 },
 {
        "name": "Prussia Of The Balkans",
        "requiredBuilding": "Monument" 
        "gold": 3,
        "uniques":["Free [Rifleman] appears","Culture and Gold costs of acquiring new tiles reduced by 25% in this city","Bulgaria gets a great general at the start of the game"],
        "percentStatBonus":{"production":15},
        "uniqueTo": "Bulgaria",
        "hurryCostModifier": 0,
        "cost":1,
        "maintenance": 0,
        "requiredTech": "Gunpowder"
 },
 {
        "name": "Bulgarian Ambition",
        "requiredBuilding": "Palace",
        "isNationalWonder": true,
        "uniques":["Free [Great General] appears"],
        "uniqueTo": "Bulgaria",
        "hurryCostModifier": 0,
        "cost":1,
        "maintenance": 0,
 },
 {
        "name": "British East India Company",
        "requiredBuilding": "Palace" 
        "uniques":["+2 gold from all trade routes","double gold from Great Merchant trade missions"],
        "percentStatBonus":{"gold":5},
        "uniqueTo": "Dominion Of India",
        "hurryCostModifier": 0,
        "cost":1,
        "maintenance": 1,
        "requiredTech": "Currency"
 },
  {
        "name": "Chamber Of Professions",
        "replaces": "Stadium",
        "uniqueTo": "Latvia",
        "happiness": 5,
        "science": 5,
        "production": 3,
        "cost": 350,
        "hurryCostModifier": 5,
        "maintenance": 0,
        "requiredTech": "Refrigeration"
 },
 {
        "name": "Castle Builders",
        "gold": 5,
        "providesFreeBuilding": "Courthouse",
        "cityHealth": 50,
        "uniqueTo": "Normandy",
        "hurryCostModifier": 0,
        "cost":1,
        "maintenance": 0,
 },
 {
        "name": "Chain Of The Earth",
        "gold": 6,
        "uniques":["Can only be built in annexed cities","Free [Caravan] appears"], 
        "uniqueTo": "Oman",
        "hurryCostModifier": 0,
        "cost":1,
        "maintenance": 0,
 },
//uniques
	{
        "name": "Belgian Industry",
        "replaces": "Factory",
        "uniqueTo": "Belgium",
        "production": 6,
        "percentStatBonus":{"production":13},
        "cost": 400,
        "requiredResource":"Coal",
        "hurryCostModifier": 10,
        "maintenance": 1,
        "requiredTech": "Industrialization"
	},
 {
		"name": "Bulgarian Literary School",
		"replaces": "University",
		"uniqueTo": "Bulgaria",
  "specialistSlots": {"science": 2}, 
  "percentStatBonus":{"science":35},
  "science": 6,
  "happiness": 2,
		"hurryCostModifier": 7,
		"maintenance": 0,
		"uniques": ["+1 Science Per 2 Population"],
		"requiredTech": "Education"
	},
 {
        "name": "Caer",
        "culture": 2,
        "happiness": 2,
        "providesFreeBuilding": "Armory",
        "cityHealth": 25,
        "requiredTech": "Chivalry"
        "uniqueTo": "Wales",
        "replaces": "Castle",
        "hurryCostModifier": 10,
        "cost":150,
        "maintenance": 0,
 },
 {
		"name": "Zawiya",
		"replaces": "University",
		"uniqueTo": "Algeria",
  "specialistSlots": {"science": 2}, 
  "percentStatBonus":{"science":50},
  "science": 4,
  "culture": 3,
		"hurryCostModifier": 7,
		"maintenance": 0,
		"requiredTech": "Education"
	},
 {
		"name": "Torfbaeir",
		"replaces": "Aqueduct",
		"uniqueTo": "Iceland",
  "percentStatBonus":{"food":15},
  "food": 3,
  "production": 2,
		"hurryCostModifier": 7,
		"maintenance": 0,
  "cost": 150,
		"uniques": ["40% of food is carried over after a new citizen is born"],
		"requiredTech": "Engineering"
	},
 {
		"name": "Pivovar",
		"replaces": "Market",
		"uniqueTo": "Czechia",
  "percentStatBonus":{"gold":35},
  "food": 3,
  "gold": 2,
  "happiness": 1,
		"hurryCostModifier": 7,
		"maintenance": 0,
  "cost": 75,
		"requiredTech": "Calendar"
	},
 {
        "name": "Hov",
        "replaces": "Circus",
        "uniqueTo": "Goths",
       "requiredNearbyImprovedResources": ["Ivory","Horses","Cattle","Sheep","Deer","Bison","Furs","Truffle"],
        "uniques": ["[+1 Production] from [Pasture] tiles","[+1 Production] from [Camp] tiles"],
        "happiness": 4,
        "specialistSlots": {"gold":2},
        "cost": 100,
        "hurryCostModifier": 5,
        "maintenance": 0,
        "requiredTech": "Trapping"
 },
 {
        "name": "Cathedral",
        "replaces": "Temple",
        "uniqueTo": "Papal State",
        "culture": 7,
        "percentStatBonus":{"culture":10},
        "specialistSlots": {"culture":2 }, 
        "cost": 150,
        "hurryCostModifier": 10,
        "maintenance": 1,
        "requiredTech": "Theology"
	},
 {
        "name": "Italian Restaurant",
        "replaces": "Broadcast Tower",
        "uniqueTo": "Italy",
        "culture": 4,
        "gold": 5,
        "food": 2,
        "percentStatBonus":{"culture":20},
        "specialistSlots": {"gold":2 },
        "cost": 550,
        "hurryCostModifier": 10,
        "maintenance": 1,
        "requiredTech": "Radio"
	},
 {
        "name": "The Internet",
        "culture": 30,
        "happiness": 5,
        "science": 100,
        "percentStatBonus":{"culture":100},
        "specialistSlots": {"science":2 },
        "cost": 2000,
        "isNationalWonder": true,
        "requiredBuildingInAllCities": "Broadcast Tower",
        "uniques": ["Free Social Policy","Free Technology"], 
        "requiredTech": "Computers"
        "quote":"'Don't believe everything you see on the Internet'-Julius Caesar"
	},
 	{
		"name": "Prussian Staff College",
		"replaces": "Military Academy",
		"uniqueTo": "Prussia",
  "greatPersonPoints": {"science":1}
		"xpForNewUnits": 25,
		"hurryCostModifier": 20,
		"maintenance": 0,
		"uniques": ["+1 Science Per 2 Population"],
		"requiredTech": "Military Science"
	},
 {
        "name": "Cheesemaker",
        "replaces": "Windmill",
        "uniqueTo": "Switzerland",
        "production": 3,
        "food": 3,
        "percentStatBonus":{"food":9},
        "specialistSlots": {"production":2 },
        "cost": 150,
        "hurryCostModifier": 5,
        "maintenance": 0,
        "requiredTech": "Economics"
	},
 {
        "name": "Sauna",
        "replaces": "Stadium",
        "uniqueTo": "Finland",
        "happiness": 6,
        "percentStatBonus":{"food":5},
        "cost": 450,
        "hurryCostModifier": 5,
        "maintenance": 0,
        "requiredTech": "Refrigeration"
 },
 {
        "name": "Porcelain Workshop",
        "replaces": "Workshop",
        "uniqueTo": "Qing Dynasty",
        "production": 3,
        "happiness": 4,
        "percentStatBonus":{"production":13},
        "specialistSlots": {"production":1 },
        "cost": 175,
        "hurryCostModifier": 5,
        "maintenance": 0,
        "requiredTech": "Metal Casting"
	},
 {
        "name": "Staatsmuseum",
        "replaces": "Museum",
        "uniqueTo": "Boer Republic",
        "culture": 9,
        "xpForNewUnits": 10,
        "specialistSlots": {"culture":2 },
        "cost": 360,
        "hurryCostModifier": 5,
        "maintenance": 2,
        "requiredTech": "Archaeology"
	},
 {
        "name": "Pillar Tomb",
        "replaces": "Monument",
        "uniqueTo": "Swahili",
        "culture": 2,
        "gold": 4,
        "specialistSlots": {"culture":1 },
        "cost": 45,
        "hurryCostModifier": 5,
        "maintenance": 0
	},
  	{
		"name": "Emperor's Academy",
		"replaces": "Public School",
		"uniqueTo": "Empire Of Japan",
  "greatPersonPoints": {"science":2},
  "specialistSlots": {"science": 1}, 
  "science": 4,
  "culture": 3,
		"hurryCostModifier": 7,
		"maintenance": 0,
		"uniques": ["+1 Science Per 2 Population"],
		"requiredTech": "Scientific Theory"
	},
 	{
		"name": "Sipay Armory",
		"replaces": "Armory",
		"uniqueTo": "Dominion Of India",
  "happiness": 4, 
		"xpForNewUnits": 15,
		"hurryCostModifier": 5,
		"maintenance": 0,
		"uniques": ["Remove extra unhappiness from annexed cities"],
		"requiredTech": "Steel"
	},
 {
        "name": "Academy Of Architecture",
        "isNationalWonder": true,
        "greatPersonPoints": {"production":10},
        "specialistSlots": {"production":1 }, 
        "cost": 300,
        "hurryCostModifier": 10,
        "maintenance": 0,
        "requiredTech": "Civil Service"
	},
 {
        "name": "Academy Of The Arts",
        "isNationalWonder": true,
        "greatPersonPoints": {"culture":10},
        "specialistSlots": {"culture":1 },
        "cost": 300,
        "hurryCostModifier": 10,
        "maintenance": 0,
        "requiredTech": "Chivalry"
	},
 {
        "name": "Academy Of Science",
        "isNationalWonder": true,
        "greatPersonPoints": {"science":10},
        "specialistSlots": {"science":1 },
        "cost": 300,
        "hurryCostModifier": 10,
        "maintenance": 0,
        "requiredTech": "Education"
	},
 {
		"name": "Motherland Calls",
		"culture": 1,
  "happiness": 4,
		"greatPersonPoints": {"culture": 3},
		"isWonder": true,
		"uniques": ["+15% combat strength for units fighting in friendly territory 
","Free [Great General] appears"],
		"requiredTech": "Plastics",
		"quote": "'One of the hallmarks of a great nation is its abillity to rise through its feet after a fall'"
	},
 {
		"name": "Kaaba",
		"culture": 5,
  "happiness": 2,
		"greatPersonPoints": {"culture": 3},
		"isWonder": true,
		"uniques": ["Free Great Person"],
		"requiredTech": "Theology",
		"quote": ""
	},
 {
		"name": "Panama Canal",
		"gold": 10,
		"greatPersonPoints": {"gold": 3},
		"isWonder": true,
  "cost": 700,
		"providesFreeBuilding":  "Seaport",
		"uniques": ["Can only be built in coastal cities","Connects trade routes over water"],
		"requiredTech": "Industrialization",
		"quote": "'only 10 million of the required 250 million cubic meters of earth had yet been removed. The undertaking is a vast one, far exceeding that of the Suez canal, and every one there believed it would not be finished for many years'-Helen Josephine Sanborn"
	},
 {
		"name": "Minaa'",
		"gold": 3,
  "replaces": "Harbor",
		"uniqueTo": "Oman",
  "cost": 125,
  "cityStrength": 10,
		"uniques": ["Can only be built in coastal cities","Connects trade routes over water","+1 production and gold from all sea resources worked by the city","+15% production of naval units"],
  "hurryCostModifier": 15,
		"requiredTech": "Compass"
	},
 {
		"name": "Congau Shipyard",
		"food": 2,
  "replaces": "Harbor",
		"uniqueTo": "Liberia",
  "cost": 100,
   "greatPersonPoints": {"science": 2,"culture": 2,"production": 2,"gold": 2},
  "percentStatBonus":{"food":15}
		"uniques": ["Can only be built in coastal cities","Connects trade routes over water","+1 production and gold from all sea resources worked by the city"],
  "hurryCostModifier": 15,
		"requiredTech": "Compass"
	},
 {
		"name": "Coral Church",
		"culture": 4,
  "replaces": "Harbor",
		"uniqueTo": "Phillipines",
  "percentStatBonus":{"food":10},
  "cost": 125
		"uniques": ["Can only be built in coastal cities","Connects trade routes over water","+1 production and gold from all sea resources worked by the city"],
  "hurryCostModifier": 15,
		"requiredTech": "Compass"
	},
 {
		"name": "Three Gorges Dam",
		"production": 8,
		"greatPersonPoints": {"production": 4},
  "cost": 1400,
  "percentStatBonus":{"production":10},
		"isWonder": true,
		"uniques": ["Must be next to river","+1 production and gold from all sea resources worked by the city"],
		"requiredTech": "Ecology",
		"quote": "'The people turn to a benevolent ruler as water flows downward and wild beasts fly to the wilderness'-Mencius"
	},
 {
		"name": "LHC",
		"science": 100,
		"greatPersonPoints": {"science": 15},
		"isWonder": true,
		"requiredTech": "Nanotechnology",
		"uniques": ["Free Technology"],
		"quote": "'i cant fit the quotes'"
 },
 {
        "name": "KGB Headquarter",
        "replaces": "Oxford University",
        "uniqueTo": "Soviet Union",
        "isNationalWonder": true,
        "culture": 10,
        "science": 10,
        "percentStatBonus":{"science":60},
        "specialistSlots": {"science":1 },
        "uniques": ["Free Technology","Free Social Policy","Free [Great Scientist] appears"]
        "cost": 1000,
        "hurryCostModifier": 10,
        "maintenance": 2,
        "requiredTech": "Radio"
	},
 {
        "name": "Bouzoukia",
        "replaces": "Stadium",
        "uniqueTo": "Hellenic Republic",
        "happiness": 5,
        "percentStatBonus":{"gold":3},
        "cost": 300,
        "hurryCostModifier": 6,
        "maintenance": 1,
        "requiredTech": "Refrigeration"
 },
 {
		"name": "Versailles",
		"culture": 5,
  "gold": 4,
		"greatPersonPoints": {"culture": 5},
		"isWonder": true,
		"uniques": ["Golden Age length increases +50%","Free Social Policy"],
		"requiredTech": "Rifling",
		"quote": "'Courtly manners are contagious; they are caught at Versailles.'-Jean De La Bruyere"
	},
]
