[
	{
		"name": "Aesthetics",
		"era": "Classical era",
  "effect": "+25% great person generation in all cities",
		"uniques":["+[25]% great person generation in all cities"],
		"policies": [
			{
				"name": "Fine Arts",
     	"effect": "50% of excess happiness added to culture towards policies",
				"uniques": ["50% of excess happiness added to culture towards policies"], 
				"row": 1,
				"column": 2
			},
			{
				"name": "Cultural Centers",
     "effect": "Building time of culture buildings reduced by 15%",
				"uniques": ["+[15]% Production when constructing [Culture] buildings"], 
				"row": 1,
				"column": 5
			},
			{
				"name": "Artistic Genius",
     "effect": "Free Great Artist appears",
				"uniques": ["Free [Great Artist] appears"],
     "requires": ["Fine Arts"],
				"row": 2,
				"column": 3
			},
			{
				"name": "Flourishing Of The Arts",
      "effect": "+33% culture in all cities with a world wonder, immediately enter a golden age", 
				"uniques": ["+33% culture in all cities with a world wonder", "Empire enters golden age"]
				"requires": ["Fine Arts","Cultural Centers"],
				"row": 2,
				"column": 2
			},
			{
				"name": "Cultural Exchange",
     "effect": "Reduce culture cost of future policies by 10%",
				"uniques": ["Culture cost of adopting new Policies reduced by 10%"],
				"requires": ["Flourishing Of The Arts"],
				"row": 2,
				"column": 4
			},
			{
				"name": "Aesthetics Complete",
     "effect": "+4 culture for every Museum. Gain a free policy.",
				"uniques": ["[+4 Culture] from every [Museum]", "Free Social Policy"], 
			}
		]
 }
]
