[
	{
		"name":"Guerilla",
		"unitType":"Melee",
		"uniqueTo":"Vietnam",
		"replaces":"Infantry",
		"movement":2,
		"strength":70,
		"cost":400,
		"hurryCostModifier":15,
		"requiredTech":"Plastics",
		"upgradesTo":"Mechanized Infantry",
		"promotions": ["Woodsman"],
  "uniques":["Can move after attacking"],
		"attackSound":"arrow"
	},
 {		"name": "Musketman",		  
    "unitType":"Melee",
    "movement":2,
    "strength":24,
    "cost":150,
    "hurryCostModifier":10,
    "requiredTech":"Gunpowder"
    "obsoleteTech": "Metallurgy"
    "upgradesTo":"Pike And Shot",
    "attackSound":"Shot"
 },
 	{
		"name":"Partisan",
		"unitType":"Melee",
		"uniqueTo":"Yugoslavia",
		"replaces":"Infantry",
		"movement":2,
		"strength":65,
		"cost":320,
		"hurryCostModifier":10,
		"requiredTech":"Plastics",
		"upgradesTo":"Mechanized Infantry",
		"uniques": ["Bonus as attacker 
[20]%"],
		"promotions": ["Medic"],
		"attackSound":"Shot"
	},
 {
		"name": "Yugoslav Commando",
		"replaces": "Machine Gun",
		"uniqueTo": "Yugoslavia",
		"unitType": "Ranged",
		"movement": 2,
		"strength": 55,
		"rangedStrength": 65,
		"cost": 375,
		"requiredTech": "Ballistics",
		"uniques": ["Ignores terrain cost"],
		"hurryCostModifier": 20,
		"attackSound": "shot"                 
 },
 {
		"name": "Walloon Guard",
		"replaces": "Musketman",
		"uniqueTo": "Belgium",
		"unitType": "Melee",
		"movement": 2,
		"strength": 30,
		"cost": 240,
  "obsoleteTech": "Rifling",
		"requiredTech": "Gunpowder",
		"hurryCostModifier": 10,
		"attackSound": "shot"                 
 },
 {
		"name":"Dominion Millitia",
		"unitType":"Melee",
		"uniqueTo":"Canada",
		"replaces":"Rifleman",
		"movement":3,
		"strength":35,
		"cost":210,
		"hurryCostModifier":10,
		"requiredTech":"Rifling",
		"upgradesTo":"Great War Infantry",
   "obsoleteTech": "Replaceable Parts",
		"promotions": ["March"],
  "uniques":["Ignores terrain cost"],
		"attackSound":"shot"
	},
 {
		"name":"Redshirt",
		"unitType":"Melee",
		"uniqueTo":"Italy",
		"replaces":"Rifleman",
		"movement":2,
		"strength":39,
		"cost":200,
		"hurryCostModifier":10,
		"requiredTech":"Rifling",
  "obsoleteTech": "Replaceable Parts",
		"upgradesTo":"Infantry",
		"promotions": ["Drill I","Drill II"],
		"attackSound":"shot"
	},
 {
		"name": "Death Head Hussar",
		"unitType": "Mounted",
		"uniqueTo": "Prussia",
		"replaces": "Cavalry",
		"movement": 4,
		"strength": 34,
		"cost": 225,
		"requiredTech": "Military Science",
		"upgradesTo": "Landship",
		"requiredResource": "Horses",
  "promotions": ["Charge","Sentry"] 
		"uniques": ["Can move after attacking"],
		"hurryCostModifier": 20,
		"attackSound": "horse"
	},
 {
		"name": "Conqueror",
		"unitType": "Mounted",
		"uniqueTo": "Normandy",
		"replaces": "Knight",
		"movement": 4,
		"strength": 21,
		"cost": 120,
		"requiredTech": "Chivalry",
  "obsoleteTech": "Military Science",
		"upgradesTo": "Cavalry",
		"requiredResource": "Horses",
  "promotions": ["Cover I"] 
		"uniques": ["Can move after attacking","No defensive terrain bonus"],
		"hurryCostModifier": 20,
		"attackSound": "horse"
	},
 {
		"name": "Numidian Cavalry",
		"unitType": "Mounted",
		"uniqueTo": "Algeria",
		"replaces": "Horseman",
		"movement": 6,
		"strength": 10,
		"cost": 40,
		"requiredTech": "Horseback Riding",
  "obsoleteTech": "Chivalry",
		"upgradesTo": "Knight",
  "promotions": ["Shock I"] 
		"uniques": ["Can move after attacking","No defensive terrain bonus","Penalty vs City 33%"],
		"hurryCostModifier": 20,
		"attackSound": "horse"
	},
 {
		"name":"Gadrauth",
		"unitType":"Melee",
		"uniqueTo":"Goths",
		"replaces":"Swordsman",
		"movement":4,
		"strength":13,
		"cost":60,
		"hurryCostModifier":10,
		"requiredTech":"Iron Working",
  "obsoleteTech": "Steel",
		"upgradesTo":"Longswordsman",
		"attackSound":"shot"
	},
 {
		"name":"Swiss Halberdier",
		"unitType":"Melee",
		"uniqueTo":"Switzerland",
		"replaces":"Pikeman",
		"movement":2,
		"strength":19,
		"cost":85,
		"hurryCostModifier":10,
		"requiredTech":"Civil Service",
  "obsoleteTech": "Gunpowder",
		"upgradesTo":"Musketman",
		"promotions": ["Drill I"],
  "uniques":["Bonus vs Mounted 50%"]
		"attackSound":"shot"
	},
 {
		"name":"Finnish Ski Infantry",
		"unitType":"Melee",
		"uniqueTo":"Finland",
		"replaces":"Infantry",
		"movement":3,
		"strength":60,
		"cost":400,
		"hurryCostModifier":10,
		"requiredTech":"Plastics",
		"upgradesTo":"Mechanized Infantry",
		"promotions": ["Ambush I","Ambush II"],
  "uniques":["May withdraw before melee","Double movement in Snow,Tundra and Hills"]
		"attackSound":"shot"
 },
 {
		"name": "BM-13 Katyusha",
		"replaces": "Rocket Artillery",
		"uniqueTo": "Soviet Union",
		"unitType": "Siege",
		"movement": 2,
  "range": 3, 
		"strength": 40,
		"rangedStrength": 75,
		"cost": 425,
		"requiredTech": "Combined Arms",
  "requiredResource": "Aluminum"
		"uniques": ["Bonus vs City 200%","No defensive terrain bonus","Ranged attacks may be performed over obstacles"], 	
		"hurryCostModifier": 20,
		"attackSound": "shot"                 
 },
 {
		"name": "Hellenic Tank",
		"unitType": "Armor",
		"uniqueTo": "Hellenic Republic",
		"replaces": "Tank",
		"movement": 6,
		"strength": 70,
		"cost": 375,
		"requiredTech": "Combined Arms",
  "obsoleteTech": "Lasers",
		"upgradesTo": "Modern Armor",
		"requiredResource": "Oil",
		"uniques": ["Can move after attacking"],
		"hurryCostModifier": 20,
		"attackSound": "shot"
	},
 {
		"name": "Hungarian Hussar",
		"unitType": "Ranged",
		"uniqueTo": "Austria-Hungary",
		"replaces": "Cavalry",
		"movement": 5,
		"strength": 25,
  "range": 1,
  "rangedStrength":34
		"cost": 260,
		"requiredTech": "Military Science",
		"upgradesTo": "Landship",
		"requiredResource": "Horses",
  "promotions": ["Blitz"] 
		"uniques": ["Can move after attacking"],
		"hurryCostModifier": 20,
		"attackSound": "horse"
	},
 {
		"name": "Saethwyr",
		"unitType": "Ranged",
		"uniqueTo": "Wales",
		"replaces": "Crossbowman",
		"movement": 2,
		"strength": 10,
  "range": 3,
  "rangedStrength":18
		"cost": 150,
		"requiredTech": "Construction",
		"upgradesTo": "Gatling Gun",
		"hurryCostModifier": 20,
		"attackSound": "horse"
	},
 {
		"name":"Air Rifleman",
		"unitType":"Melee",
		"uniqueTo":"Austria-Hungary",
		"replaces":"Rifleman",
		"movement":3,
		"strength":30,
		"cost":220,
		"hurryCostModifier":13,
		"requiredTech":"Rifling",
  "obsoleteTech": "Replaceable Parts",
		"upgradesTo":"Great War Infantry",
		"promotions": ["Blitz"],
  "uniques":["Bonus as attacker 
[25]%"],
		"attackSound":"shot"
	},
 {
		"name":"Kommando",
		"unitType":"Melee",
		"uniqueTo":"Boer Republic",
		"replaces":"Rifleman",
		"movement":2,
		"strength":30,
		"cost":220,
		"hurryCostModifier":13,
		"requiredTech":"Rifling",
  "obsoleteTech": "Replaceable Parts",
		"upgradesTo":"Great War Infantry",
		"promotions": ["Drill I","Drill II"],
  "uniques":["Can move after attacking"],
		"attackSound":"shot"
	},
 {
		"name": "Light Scout Cavalry",
		"unitType": "Mounted",
		"movement": 5,
		"strength": 25,
		"cost": 200,
		"requiredTech": "Economics",
		"upgradesTo": "Landship",
		"requiredResource": "Horses",
  "promotions": ["Sentry"] 
		"uniques": ["Ignores terrain cost"],
		"hurryCostModifier": 20,
		"attackSound": "horse"
	},
 {
		"name":"Manchu Banners",
		"unitType":"Melee",
		"uniqueTo":"Qing Dynasty",
		"replaces":"Musketman",
		"movement":2,
		"strength":24,
		"cost":110,
		"hurryCostModifier":10,
		"requiredTech":"Gunpowder",
  "obsoleteTech": "Rifling",
		"upgradesTo":"Rifleman",
		"promotions": ["Siege"],
		"attackSound":"metalhit"
	},
 {
		"name":"Imperial Infantry",
		"unitType":"Melee",
		"uniqueTo":"Empire Of Japan",
		"replaces":"Great War Infantry",
		"movement":2,
		"strength":55,
		"cost":350,
		"hurryCostModifier":10,
		"requiredTech":"Replaceable Parts",
  "obsoleteTech": "Plastics ",
  "uniques":["No movement cost to pillage"]
		"upgradesTo":"Infantry",
		"attackSound":"shot"
	},
 {
		"name":"Caravan",
		"unitType":"Civilian",
		"movement":3,
		"cost":250,
		"hurryCostModifier":10,
  "requiredResource": "Horses",
		"requiredTech":"The Wheel",
  "obsoleteTech": "Industrialization"
  "uniques":["Can undertake a trade mission with City-State, giving a large sum of gold and [30] Influence"]
	},
  {
		"name":"Mobile Caravan",
		"unitType":"Civilian",
		"movement":5,
		"cost":350,
		"hurryCostModifier":10,
  "requiredResource": "Oil",
		"requiredTech":"Industrialization",
  "uniques":["Can undertake a trade mission with City-State, giving a large sum of gold and [30] Influence"]
	},
 {
		"name":"Cargo Ship",
		"unitType":"WaterCivilian",
		"movement":4,
		"cost":360,
		"hurryCostModifier":5,
  "requiredResource": "Iron",
  "obsoleteTech": "Steam Power",
		"requiredTech":"Optics",
  "uniques":["Can undertake a trade mission with City-State, giving a large sum of gold and [30] Influence"]
	},
 {
		"name":"Container Ship",
		"unitType":"WaterCivilian",
		"movement":6,
		"cost":430,
		"hurryCostModifier":5,
  "requiredResource": "Oil",
		"requiredTech":"Steam Power",
  "uniques":["Can undertake a trade mission with City-State, giving a large sum of gold and [30] Influence"]
	},
 {
		"name":"Gurkha",
		"unitType":"Melee",
		"uniqueTo":"Dominion Of India",
		"replaces":"Infantry",
		"movement":2,
		"strength":70,
		"cost":325,
		"hurryCostModifier":10,
		"requiredTech":Replaceable Parts",
		"upgradesTo":"Mechanized Infantry",
		"promotions": ["Woodsman"],
  "uniques":["May withdraw before melee"],
		"attackSound":"shot"
	},
 	{
		"name":"Renaissance Mortar",
		"unitType":"Ranged",
		"movement":2,
		"strength":23,
  "rangedStrength": 24,
		"cost":195,
		"hurryCostModifier":10,
		"requiredTech":"Navigation",
   "obsoleteTech": "Electricity",
		"upgradesTo":"Mortar Squad",
		"uniques": ["Bonus as attacker 
[10]%"],
		"promotions": ["Siege","Barrage I"],
		"attackSound":"shot"
	},
 {
		"name":"Mortar Squad",
		"unitType":"Ranged",
		"movement":2,
		"strength":43,
  "rangedStrength": 44,
		"cost":330,
		"hurryCostModifier":10,
		"requiredTech":"Replaceable Parts",
		"uniques": ["Bonus as attacker 
[10]%"],
		"promotions": ["Siege","Accuracy I"],
		"attackSound":"shot"
	},
 {
		"name":"Pike And Shot",
		"unitType":"Melee",
		"movement":2,
		"strength":28,
		"cost":220,
		"hurryCostModifier":10,
		"requiredTech":"Metallurgy",
  "obsoleteTech": "Rifling",
  "upgradesTo":"Rifleman",
		"uniques": ["Bonus vs Mounted 50%"],
		"attackSound":"shot"
	},
 {
		"name": "Templar Knight",
		"unitType": "Mounted",
		"uniqueTo": "Papal State",
		"replaces": "Knight",
		"movement": 5,
		"strength": 24,
		"cost": 110,
		"requiredTech": "Chivalry",
  "obsoleteTech": "Military Science",
		"upgradesTo": "Cavalry",
  "promotions": ["Shock I","Siege"] 
		"uniques": ["Can move after attacking"],
		"hurryCostModifier": 20,
		"attackSound": "horse"
	},
  {
		"name": "Architect Of Rome",
		"unitType": "Civilian",
		"uniqueTo": "Papal State",
		"replaces": "Settler",
		"movement": 5,
		"cost": 250,
		"requiredTech": "Astronomy",
		"uniques": ["Can build improvement: Landmark","Can speed up construction of a wonder"],
		"hurryCostModifier": 20,
	},
 {
		"name":"Military Engineer",
		"unitType":"Civilian",
		"movement":3,
		"cost":350,
		"hurryCostModifier":10,
		"requiredTech":"Plastics",
		"promotions": ["Medic","Medic II"],
  "uniques":["May withdraw before melee"]
 },
 {
		"name":"Balkan War Infantry",
		"unitType":"Melee",
		"uniqueTo":"Bulgaria",
		"replaces":"Great War Infantry",
		"movement":2,
		"strength":55,
		"cost":350,
		"hurryCostModifier":10,
		"requiredTech":"Replaceable Parts",
		"upgradesTo":"Infantry",
   "obsoleteTech": "Plastics",
		"promotions": ["Shock I"],
		"attackSound":"shot"
	},
 {
		"name":"Green Jacket Rifleman",
		"unitType":"Melee",
  	"uniqueTo":"United Kingdom",
  	"replaces":"Rifleman",
		"movement":2,
		"strength":38, 
		"cost":225,
		"hurryCostModifier":10,
		"requiredTech":"Metallurgy",
  "obsoleteTech": "Replaceable Parts",
  "upgradesTo":"Great War Infantry",
		"uniques": ["+33% combat bonus in Forest/Jungle"],
		"attackSound":"shot"
	},
 {
		"name":"Dreadnought",
		"unitType":"WaterMelee",
  	"uniqueTo":"United Kingdom",
   "replaces":"Ironclad",
		"movement":5,
		"strength":60, 
		"cost":250,
		"hurryCostModifier":10,
		"requiredTech":"Steam Power",
  "obsoleteTech": "Combustion",
  "upgradesTo":"Destroyer",
		"uniques": ["Double movement in coast"],
  "promotions": ["Shock I","Shock II"]
		"attackSound":"shot"
	},
 {
		"name":"Baghlah",
		"unitType":"WaterMelee",
  	"uniqueTo":"Oman",
   "replaces":"Caravel",
		"movement":5,
		"strength":24, 
		"cost":250,
		"hurryCostModifier":10,
		"requiredTech":"Astronomy",
  "obsoleteTech": "Steam Power",
  "upgradesTo":"Destroyer",
		"uniques": ["Double movement in coast"],
  "promotions": ["Scouting I","Boarding Party I"]
		"attackSound":"shot"
	},
 {
		"name":"Orang Laut",
		"unitType":"WaterRanged",
  	"uniqueTo":"Sultanate of Malacca",
   "replaces":"Galleass",
		"movement":3,
		"strength":14, 
  "rangedStrength": 16,
		"cost":175,
		"hurryCostModifier":10,
		"requiredTech":"Compass",
  "obsoleteTech": "Navigation",
  "upgradesTo":"Frigate",
  "promotions": ["Medic","Targeting I","Charge"]
		"attackSound":"shot"
	},
 {
		"name":"Mark IV",
		"unitType":"Armor",
  	"uniqueTo":"United Kingdom",
   "replaces":"Landship",
		"movement":4,
		"strength":60, 
		"cost":360,
  "requiredResource": "Oil",
		"hurryCostModifier":10,
		"requiredTech":"Replaceable Parts",
  "obsoleteTech": "Combined Arms",
  "upgradesTo":"Destroyer",
		"uniques": ["Can move after attacking","No defensive terrain bonus","Bonus as attacker 
[20]%"],
  "promotions": ["Shock I"]
		"attackSound":"shot"
	},
 {
		"name":"Aizragi",
		"unitType":"Melee",
		"uniqueTo":"Latvia",
		"replaces":"Great War Infantry",
		"movement":2,
		"strength":50,
		"cost":350,
		"hurryCostModifier":10,
		"requiredTech":"Replaceable Parts",
  "obsoleteTech": "Plastics ",
  "uniques":["No movement cost to pillage","Combat very likely to create Great Generals"]
		"upgradesTo":"Infantry",
		"attackSound":"shot"
	},
  {
		"name":"Dobrovoljac",
		"unitType":"Melee",
		"uniqueTo":"Serbia",
		"replaces":"Great War Infantry",
		"movement":3,
		"strength":50,
		"cost":320,
		"hurryCostModifier":10,
		"requiredTech":"Replaceable Parts",
  "promotions": ["Drill I"]
  "obsoleteTech": "Plastics ",
		"upgradesTo":"Infantry",
		"attackSound":"shot"
	},
  {
		"name": "Mountain Gun",
		"replaces": "Artillery",
		"uniqueTo": "Serbia",
		"unitType": "Siege",
		"movement": 2,
  "range": 3, 
		"strength": 10,
		"rangedStrength": 28,
		"cost": 320,
		"requiredTech": "Dynamite",
		"uniques": ["Bonus vs City 200%","Ranged attacks may be performed over obstacles","Must set up to ranged attack"], 	
  "promotions": ["Blitz"]
		"hurryCostModifier": 20,
		"attackSound": "shot"                 
 },
 {
		"name":"Katipunero",
		"unitType":"Melee", 
		"uniqueTo":"Phillipines",
		"replaces":"Rifleman",
		"movement":2,
		"strength":34,
		"cost":225,
		"hurryCostModifier":13,
		"requiredTech":"Rifling",
  "obsoleteTech": "Replaceable Parts",
		"upgradesTo":"Great War Infantry",
		"promotions": ["Armor Plating I","Mobility"],
		"attackSound":"shot"
	},
 {
		"name":"Recaptive",
		"unitType":"Melee", 
		"uniqueTo":"Liberia",
		"replaces":"Rifleman",
		"movement":2,
		"strength":36,
		"cost":200,
		"hurryCostModifier":13,
		"requiredTech":"Rifling",
  "obsoleteTech": "Replaceable Parts",
		"upgradesTo":"Great War Infantry",
		"promotions": ["Mobility"],
   "uniques":["Bonus as attacker 
[25]%"]
		"attackSound":"shot"
	},
 {
		"name":"Hartschier",
		"unitType":"Melee", 
		"uniqueTo":"Bavaria",
		"replaces":"Pike And Shot",
		"movement":2,
		"strength":30,
		"cost":175,
		"hurryCostModifier":13,
		"requiredTech":"Metallurgy",
  "obsoleteTech": "Plastics",
		"upgradesTo":"Great War Infantry",
		"promotions": ["Mobility"],
   "uniques":["Bonus as attacker 
[25]%"]
		"attackSound":"shot"
	},
 {
		"name":"Jahazi",
		"unitType":"Melee",
		"uniqueTo":"Swahili",
		"replaces":"Pikeman",
		"movement":2,
		"strength":18,
		"cost":80,
		"hurryCostModifier":10,
		"requiredTech":"Civil Service",
  "obsoleteTech": "Gunpowder",
		"upgradesTo":"Musketman",
		"promotions": ["Rejuvenation","Shock I"],
  "uniques":["Bonus vs Mounted 50%","Amphibious"]
		"attackSound":"shot"
	},
 {
		"name": "Lawspeakers",
		"unitType": "Civilian",
		"uniqueTo": "Iceland",
		"replaces": "Settler",
		"movement": 4,
		"cost": 150,
		"uniques": ["Founds a new city","Heal adjacent units for an additional 15 HP per turn","Can start an 8-turn golden age"],
		"hurryCostModifier": 20,
	}, 
  {
		"name": "Hulubalang",
		"unitType": "Civilian",
		"uniqueTo": "Sultanate of Malacca",
		"replaces": "Great General",
		"movement": 4,
		"uniques": ["Can start an 8-turn golden age","Bonus for units in 2 tile radius 15%","Can construct [Citadel]","Double movement in coast","Unbuildable"],
		"hurryCostModifier": 20,
	},
 {
		"name": "vz.77 DANA",
		"replaces": "Rocket Artillery",
		"uniqueTo": "Czechia",
		"unitType": "Siege",
		"movement": 3,
  "range": 3, 
		"strength": 45,
		"rangedStrength": 70,
		"cost": 425,
		"requiredTech": "Combined Arms",
  "requiredResource": "Aluminum"
		"uniques": ["Bonus vs City 200%","Ranged attacks may be performed over obstacles"], 	
  "promotions": ["Barrage I","Barrage II"],
		"hurryCostModifier": 20,
		"attackSound": "shot"                 
 },
]
