	{
		"name": "",
		"leaderName": "",
		"adjective": [
			""
		],
		"startBias": [
			""
		],
		"preferredVictoryType": "",
		"startIntroPart1": ".",
		"startIntroPart2": "",
		"declaringWar": "",
		"attacked": "",
		"defeated": ".",
		"introduction": "",
		"neutralHello": ".",
		"neutralLetsHearIt": [
			".",
			".",
			"."
		],
		"neutralNo": [
			".",
			"",
			""
		],
		"neutralYes": [
			".",
			"",
			""
		],
		"hateHello": "",
		"hateLetsHearIt": [
			"!",
			"",
			"!"
		],
		"hateNo": [
			"",
			"",
			""
		],
		"hateYes": [
			"!",
			"",
			""
		],
		"afterPeace": [
			""
		],
		"tradeRequest": "",
		"outerColor": [
			0,
			0,
			0
		],
		"innerColor": [
			255,
			90,
			0
		],
		"uniqueName": "",
  "uniques": [""],
		"cities": [
			"",
			"",
			"",
			"",
			"",
			"",
			"",
			"",
			"",
			"",
			"",
			"",
			"",
			"",
			"",
			"",
			"",
			"",
			"",
			"",
			"",
			"",
			"",
			"",
			"",
			"",
			"",
			"",
			"",
			"",
			"",
			"",
			"",
			"",
			"",
			"",
			"",
			""
		]			
	},


