[
	{
		"name": "",
		"era": " era",
		"effect":"",
		"policies": [
			{
				"name": "",
				"effect": "",
    "uniques": "",
				"row": 1,
				"column": 2
			},
			{
				"name": "",
				"effect": "",
    "uniques": "",
				"row": 1,
				"column": 5
			},
			{
				"name": "",
				"effect": "",
     "uniques": "",
     "requires": [""],
				"row": 2,
				"column": 3
			},
			{
				"name": "",
				"effect": "",
     "uniques": "",
				"requires": ["",""],
				"row": 2,
				"column": 2
			},
			{
				"name": "",
				"effect": "",
    "uniques": "",
				"requires": [""],
				"row": 2,
				"column": 4
			},
			{
				"name": "Complete",
				"effect": "",
     "uniques": "", 
			}
		]
 }
]
