[
	{
		"name": "Coffee",
		"resourceType": "Luxury",
		"terrainsCanBeFoundOn": ["Grassland","Jungle","Forest"],
		"gold": 1,
		"culture": 1,
		"improvement": "Plantation",
		"improvementStats": {"gold": 1,"food": 1}
 },
	{
		"name": "Diamond",
		"resourceType": "Luxury",
		"terrainsCanBeFoundOn": ["Desert","Tundra","Hill"],
		"gold": 3,
		"improvement": "Mine",
		"improvementStats": {"gold": 2}
	},
 {"name": "Coral",
		"resourceType": "Luxury",
		"terrainsCanBeFoundOn": ["Coast"],
		"production": 1,
  "gold": 2,
		"improvement": "Fishing Boat",
		"improvementStats": {"gold": 1}
 }
,
 
	{
		"name": "Gypsum",
		"resourceType": "Luxury",
		"terrainsCanBeFoundOn": ["Plains","Hill"],
		"gold": 1,
		"production": 1,
		"improvement": "Mine",
		"improvementStats": {"gold": 1}
	},
	{
		"name": "Jade",
		"resourceType": "Luxury",
		"terrainsCanBeFoundOn": ["Forest","Grassland","Tundra"],
		"production": 2,
		"improvement": "Mine",
		"improvementStats": {"production": 1}
	},
 {"name": "Mercury",
		"resourceType": "Luxury",
		"terrainsCanBeFoundOn": ["Hill","Desert"],
		"science": 2,
		"improvement": "Mine",
		"improvementStats": {"culture": 1}
 },
 {"name": "Olives",
		"resourceType": "Luxury",
		"terrainsCanBeFoundOn": ["Forest","Grassland",],
		"gold": 1,
  "culture":1,
		"improvement": "Plantation",
		"improvementStats": {"culture": 1}
 },
 {"name": "Jade",
		"resourceType": "Luxury",
		"terrainsCanBeFoundOn": ["Forest","Grassland","Tundra"],
		"production": 2,
		"improvement": "Mine",
		"improvementStats": {"production": 1}
 },
 {"name": "Tea",
		"resourceType": "Luxury",
		"terrainsCanBeFoundOn": ["Grassland","Plains"],
		"science": 2,
		"improvement": "Plantation",
		"improvementStats": {"culture": 1}
 },
 {"name": "Tobacco",
		"resourceType": "Luxury",
		"terrainsCanBeFoundOn": ["Grassland","Jungle","Plains",Forest"],
		"culture": 1,
		"improvement": "Plantation",
		"improvementStats": {"gold": 1}
 },
 {"name": "Turtle",
		"resourceType": "Luxury",
		"terrainsCanBeFoundOn": ["Coast","Ocean"],
		"gold": 2,
  "food": 1,
		"improvement": "Fishing Boats",
		"improvementStats": {"production": 1}
 }
,
 {"name": "Herbs",
		"resourceType": "Luxury",
		"terrainsCanBeFoundOn": ["Forest","Grassland","Marsh"],
		"production": 1,
  "food": 1,
		"improvement": "Plantation",
		"improvementStats": {"production": 1}
 }
 ]
